filename,words
0.jpg,1AH7DY VIC - STAY ALERT STAY ALIVE
1.jpg,DRIVING CHANGE VIC 1YA8KB VICTORIA - THE EDUCATION STATE CHADSTONE TOYOTA
2.jpg,VIC 1IX2WC VICTORIA THE EDUCATION STATE NORTHERN NISSAN BUNDOORA
3.jpg,VIC XWE019
4.jpg,YAQ652 VICTORIA - THE PLACE TO BE LAKESIDE HYUNDAI
5.jpg,GLADSTONE - 07 4971 4000 594EN4 QUEENSLAND - SUNSHINE STATE REEF CITY GWM HAVAL
6.jpg,VIC 1SR3TR VICTORIA - THE EDUCATION STATE
7.jpg,VIC AET702 www.johnblair.com.au
8.jpg,VIC 1VY5VE VICTORIA - THE EDUCATION STATE PS AUTOSMART.COM.AU
9.jpg,VIC AVW468
10.jpg,VIC 1NT1TM LPG VICTORIA - THE EDUCATION STATE
11.jpg,WESTERN AUSTRALIA 1GZT787 MORLEY MITSUBISHI
12.jpg,A35SL Tasmania - Explore the possibilities
13.jpg,VIC VAMG13
14.jpg,NSW EQX07L NORTHERN RIVERS VOLKSWAGEN
15.jpg,VIC XNB384
16.jpg,VIC IVB1IU VICTORIA - THE EDUCATION STATE
17.jpg,VIC ATJ692 ING TOYOTA
18.jpg,VIC WYB485
19.jpg,VIC ZAD671
20.jpg,VIC 1JA90X
21.jpg,VIC IMJ6KV VICTORIA - THE EDUCATION STATE
22.jpg,Owned & Operated VIC CDA249 Chadstone Ford
23.jpg,ZVS539 VICTORIA - THE PLACE TO BE
24.jpg,YFR685 VICTORIA - THE PLACE TO BE
25.jpg,VIC XNB384 Mercedez-Benz Ringwood
26.jpg,VIC CGW030
27.jpg,ZOOM-ZOOM VIC 1PU3DV VICTORIA - THE EDUCATION STATE ESSENDON MAZDA
28.jpg,VIC 1ZB7VX VICTORIA - THE EDUCATION STATE
29.jpg,VIC RMX821
30.jpg,www.morningtonholden.com.au VIC 10N4BJ VICTORIA - THE EDUCATION STATE MorningtonHolden
31.jpg,VIC AMS905
32.jpg,VIC 1YN5VK VICTORIA - THE EDUCATION STATE
33.jpg,VIC 1TU2AU VICTORIA - THE EDUCATION STATE
34.jpg,www.brightonmg.com.au VIC 1WX1VP VICTORIA - THE EDUCATION STATE BRIGHTON MG
35.jpg,What Drives You, Drives Us VIC AFZ730 CITY MAZDA
36.jpg,VIC BSY034 Mercedez-Benz Waverly
37.jpg,ZGQ038 VICTORIA - THE PLACE TO BE
38.jpg,9758 4444 VIC AYB585 FERNTREE GULLY NISSAN
39.jpg,VIC 1YZ9PK VICTORIA - THE EDUCATION STATE
40.jpg,www.northernmotorgroup.com.au VIC BVZ398 NORTHERN CHRYSLER JEEP DODGE
41.jpg,VIC 1TH8UH HYBRID VICTORIA - THE EDUCATION STATE LE MANS TOYOTA
42.jpg,PLN612 VICTORIA - ON THE MOVE Courtney & Patterson
43.jpg,LOVE MY CITY, LOVE MY CITY MAZDA VIC 1VN6WV VICTORIA - THE EDUCATION STATE CITY MAZDA
44.jpg,VIC XXD552
45.jpg,VIC DAWNFM
46.jpg,YIK328 VICTORIA - THE PLACE TO BE ZOOM-ZOOM
47.jpg,1GM8DX VICTORIA - THE EDUCATION STATE Mantello HYUNDAI 9305 9305
48.jpg,VIC 1CA7DS
49.jpg,WGS336
50.jpg,VIC 777715
51.jpg,XWX513 VICTORIA - THE PLACE TO BE
52.jpg,VIC XSC631
53.jpg,VIC 10D2PL VICTORIA - THE EDUCATION STATE
54.jpg,1EC1UH, VIC - STAY ALERT STAY ALIVE
55.jpg,PH: 88 666 888 VIC BLF836 SOUTH YARRA VOLKSWAGEN
56.jpg,www.chadstonemitsubishi.com.au 1BH8QE VIC - STAY ALERT STAY ALIVE MITSUBISHI
57.jpg,VIC 1WB2X0 VICTORIA - THE EDUCATION STATE CARS24.COM
58.jpg,VIC 1FX5BU MAX Ouzas Prestige Cars
59.jpg,PH: 88 666 888 VIC STA487 SOUTH YARRA VOLKSWAGEN
60.jpg,YFR685 VICTORIA - THE PLACE TO BE
61.jpg,AWKNER ROXBURGH PARK SUNBURY VIC 1UQ1T1 VICTORIA - THE EDUCATION STATE Mantello Motor Group
62.jpg,VIC BAV948 Cox Auto Service Centre
63.jpg,VIC ADR116
64.jpg,VIC CRR090
65.jpg,VIC 1K07XN VICTORIA - THE EDUCATION STATE KEVIN DENNIS VOLKSWAGEN
66.jpg,VIC 1VY5VE VICTORIA - THE EDUCATION STATE PS AUTOSMART.COM.AU
67.jpg,VIC AKA859
68.jpg,YET130 VICTORIA - THE PLACE TO BE
69.jpg,VIC 1UP9MN VICTORIA - THE EDUCATION STATE Right2Drive
70.jpg,ZCL022 VICTORIA - THE PLACE TO BE BRIGHTON MAZDA
71.jpg,VIC 1AA8TU Ferntree Gully Volkswagen
72.jpg,1EV3XW VIC - STAY ALERT STAY ALIVE frankstonkia.com.au
73.jpg,VIC 1UE9SC VICTORIA - THE EDUCATION STATE
74.jpg,1WZ9HG
75.jpg,VIC WLG328 www.melbourne.subaru.com.au
76.jpg,VIC 1TU6NN VICTORIA - THE EDUCATION STATE
77.jpg,VIC AJL507 WAVERLY TOYOTA
78.jpg,(03) 5382 0157 WMV956 VICTORIA - THE PLACE TO BE WILSONBOLTON HORSHAM
79.jpg,www.jeffwignall.com.au XLM018 VICTORIA - THE PLACE TO BE
80.jpg,pattersoncheneytoyota.com.au VIC 1TV4GX VICTORIA - THE EDUCATION STATE Patterson Cheney Toyota
81.jpg,S335CRX SOUTH AUSTRALIA Barossa Volkswagen
82.jpg,VIC 1U0 6AM VICTORIA - THE EDUCATION STATE
83.jpg,WXT856 VICTORIA - THE PLACE TO BE KNOX
84.jpg,ACT YPR03L
85.jpg,VIC 1RS5SO VICTORIA - THE EDUCATION STATE
86.jpg,VIC ANO310
